Codon,AA_Name,AA_Code,RSCU_Replicase,RSCU_Spike,RSCU_Diff,RSCU_Pct_Diff,Replicase_Category,Spike_Category,Category_Change
GCT,Alanine,A,2.16,2.13,-0.03,-1.25,Highly Favored,Highly Favored,
GCC,Alanine,A,0.60,0.42,-0.19,-30.89,Unfavored,Highly Unfavored,DOWN
GCA,Alanine,A,1.07,1.35,0.28,26.01,Stable,Favored,UP
GCG,Alanine,A,0.17,0.10,-0.07,-38.86,Highly Unfavored,Highly Unfavored,
CGT,Arginine,R,1.53,1.61,0.08,4.95,Favored,Highly Favored,UP
CGC,Arginine,R,0.54,0.15,-0.40,-72.97,Highly Unfavored,Highly Unfavored,
CGA,Arginine,R,0.32,0.15,-0.17,-53.66,Highly Unfavored,Highly Unfavored,
CGG,Arginine,R,0.14,0.29,0.16,116.26,Highly Unfavored,Highly Unfavored,
AGA,Arginine,R,2.57,2.34,-0.23,-8.94,Highly Favored,Highly Favored,
AGG,Arginine,R,0.90,1.46,0.56,62.20,Stable,Favored,UP
AAT,Asparagine,N,1.39,1.18,-0.21,-15.24,Favored,Favored,
AAC,Asparagine,N,0.61,0.82,0.21,34.55,Unfavored,Unfavored,
GAT,Aspartic_Acid,D,1.27,1.39,0.12,9.21,Favored,Favored,
GAC,Aspartic_Acid,D,0.73,0.61,-0.12,-16.02,Unfavored,Unfavored,
TGT,Cysteine,C,1.63,1.40,-0.23,-13.89,Highly Favored,Favored,DOWN
TGC,Cysteine,C,0.37,0.60,0.23,60.38,Highly Unfavored,Unfavored,UP
CAA,Glutamine,Q,1.30,1.49,0.19,14.91,Favored,Favored,
CAG,Glutamine,Q,0.70,0.51,-0.19,-27.57,Unfavored,Highly Unfavored,DOWN
GAA,Glutamic_Acid,E,1.47,1.48,0.01,0.49,Favored,Favored,
GAG,Glutamic_Acid,E,0.53,0.52,-0.01,-1.37,Highly Unfavored,Highly Unfavored,
GGT,Glycine,G,2.59,2.20,-0.39,-15.25,Highly Favored,Highly Favored,
GGC,Glycine,G,0.64,0.73,0.09,13.68,Unfavored,Unfavored,
GGA,Glycine,G,0.67,0.88,0.20,30.21,Unfavored,Unfavored,
GGG,Glycine,G,0.09,0.20,0.10,112.20,Highly Unfavored,Highly Unfavored,
CAT,Histidine,H,1.39,1.41,0.02,1.22,Favored,Favored,
CAC,Histidine,H,0.61,0.59,-0.02,-2.81,Unfavored,Highly Unfavored,DOWN
ATT,Isoleucine,I,1.55,1.69,0.14,8.90,Favored,Highly Favored,UP
ATC,Isoleucine,I,0.51,0.58,0.06,12.35,Highly Unfavored,Highly Unfavored,
ATA,Isoleucine,I,0.93,0.73,-0.20,-21.63,Stable,Unfavored,DOWN
TTA,Leucine,L,1.61,1.58,-0.03,-1.98,Highly Favored,Favored,DOWN
TTG,Leucine,L,1.23,1.09,-0.14,-11.13,Favored,Stable,DOWN
CTT,Leucine,L,1.78,2.07,0.29,16.49,Highly Favored,Highly Favored,
CTC,Leucine,L,0.52,0.60,0.08,14.47,Highly Unfavored,Unfavored,UP
CTA,Leucine,L,0.63,0.44,-0.20,-31.23,Unfavored,Highly Unfavored,DOWN
CTG,Leucine,L,0.22,0.22,-0.00,-1.14,Highly Unfavored,Highly Unfavored,
AAA,Lysine,K,1.27,1.28,0.01,1.06,Favored,Favored,
AAG,Lysine,K,0.73,0.72,-0.01,-1.85,Unfavored,Unfavored,
ATG,Methionine,M,1.00,1.00,0.00,0.00,Stable,Stable,
TTT,Phenylalanine,F,1.50,1.51,0.01,0.69,Favored,Favored,
TTC,Phenylalanine,F,0.50,0.49,-0.01,-2.10,Highly Unfavored,Highly Unfavored,
CCT,Proline,P,2.11,1.93,-0.18,-8.62,Highly Favored,Highly Favored,
CCC,Proline,P,0.25,0.21,-0.03,-12.68,Highly Unfavored,Highly Unfavored,
CCA,Proline,P,1.55,1.79,0.24,15.50,Favored,Highly Favored,UP
CCG,Proline,P,0.10,0.07,-0.03,-27.23,Highly Unfavored,Highly Unfavored,
TCT,Serine,S,1.98,2.16,0.18,9.11,Highly Favored,Highly Favored,
TCC,Serine,S,0.43,0.60,0.17,40.00,Highly Unfavored,Unfavored,UP
TCA,Serine,S,1.67,1.62,-0.05,-3.20,Highly Favored,Highly Favored,
TCG,Serine,S,0.10,0.18,0.08,76.40,Highly Unfavored,Highly Unfavored,
AGT,Serine,S,1.55,1.08,-0.47,-30.37,Favored,Stable,DOWN
AGC,Serine,S,0.27,0.36,0.09,35.69,Highly Unfavored,Highly Unfavored,
ACT,Threonine,T,1.84,1.73,-0.11,-5.96,Highly Favored,Highly Favored,
ACC,Threonine,T,0.36,0.41,0.05,13.40,Highly Unfavored,Highly Unfavored,
ACA,Threonine,T,1.65,1.65,-0.00,-0.27,Highly Favored,Highly Favored,
ACG,Threonine,T,0.14,0.21,0.07,46.48,Highly Unfavored,Highly Unfavored,
TGG,Tryptophan,W,1.00,1.00,0.00,0.00,Stable,Stable,
TAT,Tyrosine,Y,1.15,1.56,0.41,36.12,Favored,Favored,
TAC,Tyrosine,Y,0.85,0.44,-0.41,-48.74,Unfavored,Highly Unfavored,DOWN
GTT,Valine,V,2.07,2.00,-0.07,-3.40,Highly Favored,Highly Favored,
GTC,Valine,V,0.47,0.86,0.40,85.28,Highly Unfavored,Unfavored,UP
GTA,Valine,V,0.85,0.64,-0.21,-24.74,Unfavored,Unfavored,
GTG,Valine,V,0.62,0.50,-0.12,-19.08,Unfavored,Highly Unfavored,DOWN
TAA,STOP,_,3.00,1.50,-1.50,-50.00,Highly Favored,Favored,DOWN
TAG,STOP,_,0.00,0.00,0.00,0.00,Highly Unfavored,Highly Unfavored,
TGA,STOP,_,0.00,1.50,1.50,0.00,Highly Unfavored,Favored,UP
