Codon,AA_Name,AA_Code,Pct_Replicase,RSCU_Replicase,Pct_Spike,RSCU_Spike,Pct_Diff
GCT,Alanine,A,53.92,2.16,53.25,2.13,-0.67
GCC,Alanine,A,15.03,0.6,10.39,0.42,-4.64
GCA,Alanine,A,26.8,1.07,33.77,1.35,6.97
GCG,Alanine,A,4.25,0.17,2.6,0.1,-1.65
CGT,Arginine,R,25.56,1.53,26.83,1.61,1.27
CGC,Arginine,R,9.02,0.54,2.44,0.15,-6.58
CGA,Arginine,R,5.26,0.32,2.44,0.15,-2.82
CGG,Arginine,R,2.26,0.14,4.88,0.29,2.62
AGA,Arginine,R,42.86,2.57,39.02,2.34,-3.83
AGG,Arginine,R,15.04,0.9,24.39,1.46,9.35
AAT,Asparagine,N,69.4,1.39,58.82,1.18,-10.57
AAC,Asparagine,N,30.6,0.61,41.18,0.82,10.57
GAT,Aspartic_Acid,D,63.51,1.27,69.35,1.39,5.85
GAC,Aspartic_Acid,D,36.49,0.73,30.65,0.61,-5.85
TGT,Cysteine,C,81.29,1.63,70.0,1.4,-11.29
TGC,Cysteine,C,18.71,0.37,30.0,0.6,11.29
CAA,Glutamine,Q,64.9,1.3,74.58,1.49,9.68
CAG,Glutamine,Q,35.1,0.7,25.42,0.51,-9.68
GAA,Glutamic_Acid,E,73.64,1.47,74.0,1.48,0.36
GAG,Glutamic_Acid,E,26.36,0.53,26.0,0.52,-0.36
GGT,Glycine,G,64.75,2.59,54.88,2.2,-9.87
GGC,Glycine,G,16.09,0.64,18.29,0.73,2.2
GGA,Glycine,G,16.86,0.67,21.95,0.88,5.09
GGG,Glycine,G,2.3,0.09,4.88,0.2,2.58
CAT,Histidine,H,69.74,1.39,70.59,1.41,0.85
CAC,Histidine,H,30.26,0.61,29.41,0.59,-0.85
ATT,Isoleucine,I,51.8,1.55,56.41,1.69,4.61
ATC,Isoleucine,I,17.12,0.51,19.23,0.58,2.11
ATA,Isoleucine,I,31.08,0.93,24.36,0.73,-6.72
TTA,Leucine,L,26.9,1.61,26.36,1.58,-0.53
TTG,Leucine,L,20.46,1.23,18.18,1.09,-2.28
CTT,Leucine,L,29.66,1.78,34.55,2.07,4.89
CTC,Leucine,L,8.74,0.52,10.0,0.6,1.26
CTA,Leucine,L,10.57,0.63,7.27,0.44,-3.3
CTG,Leucine,L,3.68,0.22,3.64,0.22,-0.04
AAA,Lysine,K,63.5,1.27,64.18,1.28,0.68
AAG,Lysine,K,36.5,0.73,35.82,0.72,-0.68
ATG,Methionine,M,100.0,1.0,100.0,1.0,0.0
TTT,Phenylalanine,F,75.12,1.5,75.64,1.51,0.52
TTC,Phenylalanine,F,24.88,0.5,24.36,0.49,-0.52
CCT,Proline,P,52.76,2.11,48.21,1.93,-4.55
CCC,Proline,P,6.13,0.25,5.36,0.21,-0.78
CCA,Proline,P,38.65,1.55,44.64,1.79,5.99
CCG,Proline,P,2.45,0.1,1.79,0.07,-0.67
TCT,Serine,S,32.99,1.98,36.0,2.16,3.01
TCC,Serine,S,7.14,0.43,10.0,0.6,2.86
TCA,Serine,S,27.89,1.67,27.0,1.62,-0.89
TCG,Serine,S,1.7,0.1,3.0,0.18,1.3
AGT,Serine,S,25.85,1.55,18.0,1.08,-7.85
AGC,Serine,S,4.42,0.27,6.0,0.36,1.58
ACT,Threonine,T,46.04,1.84,43.3,1.73,-2.74
ACC,Threonine,T,9.09,0.36,10.31,0.41,1.22
ACA,Threonine,T,41.35,1.65,41.24,1.65,-0.11
ACG,Threonine,T,3.52,0.14,5.15,0.21,1.64
TGG,Tryptophan,W,100.0,1.0,100.0,1.0,0.0
TAT,Tyrosine,Y,57.44,1.15,78.18,1.56,20.75
TAC,Tyrosine,Y,42.56,0.85,21.82,0.44,-20.75
GTT,Valine,V,51.76,2.07,50.0,2.0,-1.76
GTC,Valine,V,11.65,0.47,21.59,0.86,9.94
GTA,Valine,V,21.14,0.85,15.91,0.64,-5.23
GTG,Valine,V,15.45,0.62,12.5,0.5,-2.95
TAA,STOP,_,100.0,3.0,50.0,1.5,-50.0
TAG,STOP,_,0.0,0.0,0.0,0.0,0.0
TGA,STOP,_,0.0,0.0,50.0,1.5,50.0
