Codon,AA_Name,AA_Code,Pct_Replicase,Pct_Spike,Pct_Diff,RSCU_Replicase,RSCU_Spike,RSCU_Diff,RSCU_Pct_Diff
GCT,Alanine,A,53.92,53.25,-0.67,2.16,2.13,-0.03,-1.25
GCC,Alanine,A,15.03,10.39,-4.64,0.60,0.42,-0.19,-30.89
GCA,Alanine,A,26.80,33.77,6.97,1.07,1.35,0.28,26.01
GCG,Alanine,A,4.25,2.60,-1.65,0.17,0.10,-0.07,-38.86
CGT,Arginine,R,25.56,26.83,1.27,1.53,1.61,0.08,4.95
CGC,Arginine,R,9.02,2.44,-6.58,0.54,0.15,-0.40,-72.97
CGA,Arginine,R,5.26,2.44,-2.82,0.32,0.15,-0.17,-53.66
CGG,Arginine,R,2.26,4.88,2.62,0.14,0.29,0.16,116.26
AGA,Arginine,R,42.86,39.02,-3.83,2.57,2.34,-0.23,-8.94
AGG,Arginine,R,15.04,24.39,9.35,0.90,1.46,0.56,62.20
AAT,Asparagine,N,69.40,58.82,-10.57,1.39,1.18,-0.21,-15.24
AAC,Asparagine,N,30.60,41.18,10.57,0.61,0.82,0.21,34.55
GAT,Aspartic_Acid,D,63.51,69.35,5.85,1.27,1.39,0.12,9.21
GAC,Aspartic_Acid,D,36.49,30.65,-5.85,0.73,0.61,-0.12,-16.02
TGT,Cysteine,C,81.29,70.00,-11.29,1.63,1.40,-0.23,-13.89
TGC,Cysteine,C,18.71,30.00,11.29,0.37,0.60,0.23,60.38
CAA,Glutamine,Q,64.90,74.58,9.68,1.30,1.49,0.19,14.91
CAG,Glutamine,Q,35.10,25.42,-9.68,0.70,0.51,-0.19,-27.57
GAA,Glutamic_Acid,E,73.64,74.00,0.36,1.47,1.48,0.01,0.49
GAG,Glutamic_Acid,E,26.36,26.00,-0.36,0.53,0.52,-0.01,-1.37
GGT,Glycine,G,64.75,54.88,-9.87,2.59,2.20,-0.39,-15.25
GGC,Glycine,G,16.09,18.29,2.20,0.64,0.73,0.09,13.68
GGA,Glycine,G,16.86,21.95,5.09,0.67,0.88,0.20,30.21
GGG,Glycine,G,2.30,4.88,2.58,0.09,0.20,0.10,112.20
CAT,Histidine,H,69.74,70.59,0.85,1.39,1.41,0.02,1.22
CAC,Histidine,H,30.26,29.41,-0.85,0.61,0.59,-0.02,-2.81
ATT,Isoleucine,I,51.80,56.41,4.61,1.55,1.69,0.14,8.90
ATC,Isoleucine,I,17.12,19.23,2.11,0.51,0.58,0.06,12.35
ATA,Isoleucine,I,31.08,24.36,-6.72,0.93,0.73,-0.20,-21.63
TTA,Leucine,L,26.90,26.36,-0.53,1.61,1.58,-0.03,-1.98
TTG,Leucine,L,20.46,18.18,-2.28,1.23,1.09,-0.14,-11.13
CTT,Leucine,L,29.66,34.55,4.89,1.78,2.07,0.29,16.49
CTC,Leucine,L,8.74,10.00,1.26,0.52,0.60,0.08,14.47
CTA,Leucine,L,10.57,7.27,-3.30,0.63,0.44,-0.20,-31.23
CTG,Leucine,L,3.68,3.64,-0.04,0.22,0.22,-0.00,-1.14
AAA,Lysine,K,63.50,64.18,0.68,1.27,1.28,0.01,1.06
AAG,Lysine,K,36.50,35.82,-0.68,0.73,0.72,-0.01,-1.85
ATG,Methionine,M,100.00,100.00,0.00,1.00,1.00,0.00,0.00
TTT,Phenylalanine,F,75.12,75.64,0.52,1.50,1.51,0.01,0.69
TTC,Phenylalanine,F,24.88,24.36,-0.52,0.50,0.49,-0.01,-2.10
CCT,Proline,P,52.76,48.21,-4.55,2.11,1.93,-0.18,-8.62
CCC,Proline,P,6.13,5.36,-0.78,0.25,0.21,-0.03,-12.68
CCA,Proline,P,38.65,44.64,5.99,1.55,1.79,0.24,15.50
CCG,Proline,P,2.45,1.79,-0.67,0.10,0.07,-0.03,-27.23
TCT,Serine,S,32.99,36.00,3.01,1.98,2.16,0.18,9.11
TCC,Serine,S,7.14,10.00,2.86,0.43,0.60,0.17,40.00
TCA,Serine,S,27.89,27.00,-0.89,1.67,1.62,-0.05,-3.20
TCG,Serine,S,1.70,3.00,1.30,0.10,0.18,0.08,76.40
AGT,Serine,S,25.85,18.00,-7.85,1.55,1.08,-0.47,-30.37
AGC,Serine,S,4.42,6.00,1.58,0.27,0.36,0.09,35.69
ACT,Threonine,T,46.04,43.30,-2.74,1.84,1.73,-0.11,-5.96
ACC,Threonine,T,9.09,10.31,1.22,0.36,0.41,0.05,13.40
ACA,Threonine,T,41.35,41.24,-0.11,1.65,1.65,-0.00,-0.27
ACG,Threonine,T,3.52,5.15,1.64,0.14,0.21,0.07,46.48
TGG,Tryptophan,W,100.00,100.00,0.00,1.00,1.00,0.00,0.00
TAT,Tyrosine,Y,57.44,78.18,20.75,1.15,1.56,0.41,36.12
TAC,Tyrosine,Y,42.56,21.82,-20.75,0.85,0.44,-0.41,-48.74
GTT,Valine,V,51.76,50.00,-1.76,2.07,2.00,-0.07,-3.40
GTC,Valine,V,11.65,21.59,9.94,0.47,0.86,0.40,85.28
GTA,Valine,V,21.14,15.91,-5.23,0.85,0.64,-0.21,-24.74
GTG,Valine,V,15.45,12.50,-2.95,0.62,0.50,-0.12,-19.08
TAA,STOP,_,100.00,50.00,-50.00,3.00,1.50,-1.50,-50.00
TAG,STOP,_,0.00,0.00,0.00,0.00,0.00,0.00,0.00
TGA,STOP,_,0.00,50.00,50.00,0.00,1.50,1.50,0.00
